{
  "accuracy": 0.8525641025641025,
  "precision": 0.9026548672566371,
  "recall": 0.8947368421052632,
  "f1": 0.8986784140969163,
  "auc": 0.8765664160401002
}